Current Time,Airport,Forecast Date,Precipitation (inches),Temperature (F),Dew Point (F),Relative Humidity (%),Wind Direction (Degrees),Wind Speed (mph),Pressure (mb),Visibility (miles),day_of_week_Friday,day_of_week_Monday,day_of_week_Saturday,day_of_week_Sunday,day_of_week_Thursday,day_of_week_Tuesday,day_of_week_Wednesday,month_April,month_August,month_December,month_February,month_January,month_July,month_June,month_March,month_May,month_November,month_October,month_September,origin_ATL,origin_CLT,origin_DEN,origin_DFW,origin_JFK,origin_LAS,origin_LAX,origin_ORD,origin_SEA,origin_SFO,gb_model,ls_model,rf_model,stacking_model
11/10/2022,ATL,11/10/2022,0.084036923,60.8,58.28,92,53,14.384416,1010.3,7.349576188,0,0,0,0,0,0,0,0,0,0,0,0,0,0,0,0,1,0,0,1,0,0,0,0,0,0,0,0,0,0.289925005,0.3496158,0.26283765,0.321709199
11/10/2022,ATL,11/11/2022,0.695829982,64.4,62.6,94,180,8.74728,1003.6,6.831974145,1,0,0,0,0,0,0,0,0,0,0,0,0,0,0,0,1,0,0,1,0,0,0,0,0,0,0,0,0,0.316820286,1.582300466,0.271926897,0.8115381
11/10/2022,ATL,11/12/2022,0.019323104,52.7,49.46,89,292,7.580976,1013.7,9.966169469,0,0,1,0,0,0,0,0,0,0,0,0,0,0,0,0,1,0,0,1,0,0,0,0,0,0,0,0,0,0.172950759,0.144803757,0.170146799,0.161434012
11/10/2022,ATL,11/13/2022,0,43.34,21.38,44,316,9.136048,1021.4,14.99057538,0,0,0,1,0,0,0,0,0,0,0,0,0,0,0,0,1,0,0,1,0,0,0,0,0,0,0,0,0,0.12249784,0.029498794,0.12518918,0.080703683
11/10/2022,ATL,11/14/2022,0,47.3,23.54,40,88,6.80344,1024.8,14.99243949,0,1,0,0,0,0,0,0,0,0,0,0,0,0,0,0,1,0,0,1,0,0,0,0,0,0,0,0,0,0.106960644,0.034286057,0.122658766,0.072828029
11/10/2022,ATL,11/15/2022,0.548720769,43.16,33.62,71,78,8.358512,1026.1,11.1225409,0,0,0,0,0,1,0,0,0,0,0,0,0,0,0,0,1,0,0,1,0,0,0,0,0,0,0,0,0,0.226980098,1.171696186,0.138645256,0.582406045
11/10/2022,ATL,11/16/2022,0.1181103,44.42,42.26,92,78,6.025904,1024.7,13.77765918,0,0,0,0,0,0,1,0,0,0,0,0,0,0,0,0,1,0,0,1,0,0,0,0,0,0,0,0,0,0.208169569,0.285418239,0.135627687,0.231030481
11/10/2022,ATL,11/17/2022,1.825788387,48.74,47.3,95,110,3.498912,1018.7,7.074930206,0,0,0,0,0,0,0,0,0,0,0,0,0,0,0,0,1,0,0,1,0,0,0,0,0,0,0,0,0,0.270852459,3.788645374,0.223866413,1.625725687
11/10/2022,ATL,11/18/2022,0.494586881,51.26,44.78,79,238,10.69112,1012.8,9.697737197,1,0,0,0,0,0,0,0,0,0,0,0,0,0,0,0,1,0,0,1,0,0,0,0,0,0,0,0,0,0.288116914,1.131946495,0.196489308,0.610990729
11/10/2022,ATL,11/19/2022,0,46.94,31.28,57,191,3.110144,1021.5,14.99243949,0,0,1,0,0,0,0,0,0,0,0,0,0,0,0,0,1,0,0,1,0,0,0,0,0,0,0,0,0,0.081915111,0.005957023,0.108640177,0.045568839
11/10/2022,ATL,11/20/2022,0,51.8,35.06,53,275,4.470832,1022.4,14.99243949,0,0,0,1,0,0,0,0,0,0,0,0,0,0,0,0,1,0,0,1,0,0,0,0,0,0,0,0,0,0.0937014,0.030513643,0.112658475,0.06229001
11/10/2022,ATL,11/21/2022,0,50.72,31.1,47,220,4.665216,1026,14.99243949,0,1,0,0,0,0,0,0,0,0,0,0,0,0,0,0,1,0,0,1,0,0,0,0,0,0,0,0,0,0.104262444,0.036501224,0.111484444,0.070412694
11/10/2022,ATL,11/22/2022,0,56.48,36.5,49,96,1.94384,1025.5,14.99243949,0,0,0,0,0,1,0,0,0,0,0,0,0,0,0,0,1,0,0,1,0,0,0,0,0,0,0,0,0,0.089736378,0.007720132,0.107505681,0.050108094
11/10/2022,ATL,11/23/2022,0.046751994,53.6,42.8,68,245,2.526992,1021,14.99243949,0,0,0,0,0,0,1,0,0,0,0,0,0,0,0,0,1,0,0,1,0,0,0,0,0,0,0,0,0,0.214276169,0.110138578,0.139675222,0.166695158
11/10/2022,ATL,11/24/2022,0.462598675,47.66,43.16,85,210,7.580976,1017.8,9.492063396,0,0,0,0,0,0,0,0,0,0,0,0,0,0,0,0,1,0,0,1,0,0,0,0,0,0,0,0,0,0.245745105,1.049722909,0.184025272,0.552983813
11/10/2022,ATL,11/25/2022,0.679134225,44.06,39.92,86,83,6.609056,1018.5,14.05292654,1,0,0,0,0,0,0,0,0,0,0,0,0,0,0,0,1,0,0,1,0,0,0,0,0,0,0,0,0,0.247123708,1.429980882,0.165869065,0.697587197
11/10/2022,LAX,11/10/2022,0,58.82,43.34,59,194,4.470832,1018.4,14.59414068,0,0,0,0,0,0,0,0,0,0,0,0,0,0,0,0,1,0,0,0,0,0,0,0,0,1,0,0,0,0.135177076,0.077653608,0.134309425,0.107620349
11/10/2022,LAX,11/11/2022,0,55.22,38.3,55,160,4.665216,1017,16.29296899,1,0,0,0,0,0,0,0,0,0,0,0,0,0,0,0,1,0,0,0,0,0,0,0,0,1,0,0,0,0.158344341,0.068318355,0.147776961,0.119304202
11/10/2022,LAX,11/12/2022,0.012303156,54.68,42.44,66,173,4.276448,1016,11.19089171,0,0,1,0,0,0,0,0,0,0,0,0,0,0,0,0,1,0,0,0,0,0,0,0,0,1,0,0,0,0.205494728,0.13066579,0.168178124,0.173463155
11/10/2022,LAX,11/13/2022,0,60.26,37.58,45,152,4.276448,1014.8,14.99243949,0,0,0,1,0,0,0,0,0,0,0,0,0,0,0,0,1,0,0,0,0,0,0,0,0,1,0,0,0,0.137357398,0.063348807,0.146752199,0.104788353
11/10/2022,LAX,11/14/2022,0,59.72,41.72,52,134,5.248368,1016.4,14.99243949,0,1,0,0,0,0,0,0,0,0,0,0,0,0,0,0,1,0,0,0,0,0,0,0,0,1,0,0,0,0.144293239,0.079395399,0.149955051,0.115825645
11/10/2022,LAX,11/15/2022,0,57.56,42.62,58,121,3.304528,1017.4,14.99243949,0,0,0,0,0,1,0,0,0,0,0,0,0,0,0,0,1,0,0,0,0,0,0,0,0,1,0,0,0,0.134409222,0.051988648,0.140455848,0.098143944
11/10/2022,LAX,11/16/2022,0,60.98,18.32,19,84,4.665216,1022.7,14.99243949,0,0,0,0,0,0,1,0,0,0,0,0,0,0,0,0,1,0,0,0,0,0,0,0,0,1,0,0,0,0.119812482,0.026171396,0.134302922,0.077971941
11/10/2022,LAX,11/17/2022,0,60.62,18.14,22,172,3.88768,1021.6,14.99243949,0,0,0,0,0,0,0,0,0,0,0,0,0,0,0,0,1,0,0,0,0,0,0,0,0,1,0,0,0,0.129390164,0.045319252,0.137407588,0.091146291
11/10/2022,LAX,11/18/2022,0,59.54,35.96,44,177,3.498912,1013.9,14.99243949,1,0,0,0,0,0,0,0,0,0,0,0,0,0,0,0,1,0,0,0,0,0,0,0,0,1,0,0,0,0.154286032,0.079267094,0.152160361,0.121176934
11/10/2022,LAX,11/19/2022,0,60.26,10.76,15,179,2.526992,1018.1,14.99243949,0,0,1,0,0,0,0,0,0,0,0,0,0,0,0,0,1,0,0,0,0,0,0,0,0,1,0,0,0,0.118397747,0.014619863,0.146984705,0.074172585
11/10/2022,LAX,11/20/2022,0,58.46,12.2,16,275,2.721376,1019.1,14.99243949,0,0,0,1,0,0,0,0,0,0,0,0,0,0,0,0,1,0,0,0,0,0,0,0,0,1,0,0,0,0.155482907,0.038448632,0.153404101,0.105534879
11/10/2022,LAX,11/21/2022,0,61.34,19.04,22,229,1.555072,1017.3,14.99243949,0,1,0,0,0,0,0,0,0,0,0,0,0,0,0,0,1,0,0,0,0,0,0,0,0,1,0,0,0,0.13864635,0.051393345,0.144708897,0.099612809
11/10/2022,LAX,11/22/2022,0,60.8,25.52,26,182,1.555072,1018.8,14.99243949,0,0,0,0,0,1,0,0,0,0,0,0,0,0,0,0,1,0,0,0,0,0,0,0,0,1,0,0,0,0.124385449,0.028587592,0.138480087,0.081871948
11/10/2022,LAX,11/23/2022,0,63.68,21.74,22,344,1.360688,1017.8,14.99243949,0,0,0,0,0,0,1,0,0,0,0,0,0,0,0,0,1,0,0,0,0,0,0,0,0,1,0,0,0,0.135715896,0.023066902,0.133698153,0.085493046
11/10/2022,LAX,11/24/2022,0,61.7,32.54,39,133,3.88768,1014.8,14.99243949,0,0,0,0,0,0,0,0,0,0,0,0,0,0,0,0,1,0,0,0,0,0,0,0,0,1,0,0,0,0.137617852,0.058161327,0.144671544,0.10240447
11/10/2022,LAX,11/25/2022,0,59.18,45.86,62,213,1.360688,1017.3,14.99243949,1,0,0,0,0,0,0,0,0,0,0,0,0,0,0,0,1,0,0,0,0,0,0,0,0,1,0,0,0,0.146940727,0.087147531,0.150483775,0.119967042
11/10/2022,ORD,11/10/2022,0,68.18,43.7,42,186,9.913584,1010.7,10.55771466,0,0,0,0,0,0,0,0,0,0,0,0,0,0,0,0,1,0,0,0,0,0,0,0,0,0,1,0,0,0.129230601,0.135588217,0.14047855,0.126605481
11/10/2022,ORD,11/11/2022,0,43.7,33.08,66,297,9.136048,1011.6,15.21178345,1,0,0,0,0,0,0,0,0,0,0,0,0,0,0,0,1,0,0,0,0,0,0,0,0,0,1,0,0,0.168114749,0.092297086,0.147705694,0.134399796
11/10/2022,ORD,11/12/2022,0.007280068,34.88,23.9,64,309,8.941664,1017.4,15.93630204,0,0,1,0,0,0,0,0,0,0,0,0,0,0,0,0,1,0,0,0,0,0,0,0,0,0,1,0,0,0.163782733,0.050863216,0.164908784,0.118778756
11/10/2022,ORD,11/13/2022,0,32.54,14,47,316,5.248368,1025,14.99181812,0,0,0,1,0,0,0,0,0,0,0,0,0,0,0,0,1,0,0,0,0,0,0,0,0,0,1,0,0,0.159986262,0.054944093,0.162647794,0.116513159
11/10/2022,ORD,11/14/2022,0,37.04,12.74,37,184,2.721376,1029,14.99243949,0,1,0,0,0,0,0,0,0,0,0,0,0,0,0,0,1,0,0,0,0,0,0,0,0,0,1,0,0,0.134669081,0.05551112,0.151061222,0.099848673
11/10/2022,ORD,11/15/2022,0,38.3,17.96,45,134,3.304528,1031.4,14.99243949,0,0,0,0,0,1,0,0,0,0,0,0,0,0,0,0,1,0,0,0,0,0,0,0,0,0,1,0,0,0.121926595,0.034972049,0.134116569,0.082493166
11/10/2022,ORD,11/16/2022,0,39.74,20.66,46,269,4.276448,1028.8,14.99243949,0,0,0,0,0,0,1,0,0,0,0,0,0,0,0,0,1,0,0,0,0,0,0,0,0,0,1,0,0,0.119701557,0.036092214,0.122943657,0.080238021
11/10/2022,ORD,11/17/2022,0,33.62,20.66,59,312,3.88768,1024,14.99243949,0,0,0,0,0,0,0,0,0,0,0,0,0,0,0,0,1,0,0,0,0,0,0,0,0,0,1,0,0,0.147225101,0.060323395,0.138851998,0.107929177
11/10/2022,ORD,11/18/2022,0,34.16,15.8,47,338,6.220288,1017.1,14.99243949,1,0,0,0,0,0,0,0,0,0,0,0,0,0,0,0,1,0,0,0,0,0,0,0,0,0,1,0,0,0.164518322,0.075603613,0.15927216,0.126576986
11/10/2022,ORD,11/19/2022,0,30.38,12.38,48,264,7.192208,1022.3,14.99243949,0,0,1,0,0,0,0,0,0,0,0,0,0,0,0,0,1,0,0,0,0,0,0,0,0,0,1,0,0,0.15620523,0.035597712,0.18032623,0.109947202
11/10/2022,ORD,11/20/2022,0,26.24,5.36,41,272,7.580976,1024.6,14.99243949,0,0,0,1,0,0,0,0,0,0,0,0,0,0,0,0,1,0,0,0,0,0,0,0,0,0,1,0,0,0.179406989,0.053080665,0.18160814,0.129896495
11/10/2022,ORD,11/21/2022,0,36.32,16.7,45,234,11.66304,1019.5,14.99243949,0,1,0,0,0,0,0,0,0,0,0,0,0,0,0,0,1,0,0,0,0,0,0,0,0,0,1,0,0,0.14528115,0.075920879,0.160696294,0.116712494
11/10/2022,ORD,11/22/2022,0,34.52,17.42,51,271,6.997824,1025.5,14.99243949,0,0,0,0,0,1,0,0,0,0,0,0,0,0,0,0,1,0,0,0,0,0,0,0,0,0,1,0,0,0.157592189,0.043748675,0.144212149,0.108600667
11/10/2022,ORD,11/23/2022,0,32,10.58,42,320,5.442752,1024,14.99243949,0,0,0,0,0,0,1,0,0,0,0,0,0,0,0,0,1,0,0,0,0,0,0,0,0,0,1,0,0,0.164978949,0.032547685,0.172176626,0.112187178
11/10/2022,ORD,11/24/2022,0.002460631,29.66,3.2,34,86,5.83152,1026,14.99243949,0,0,0,0,0,0,0,0,0,0,0,0,0,0,0,0,1,0,0,0,0,0,0,0,0,0,1,0,0,0.189360712,0.051085044,0.185271064,0.134949345
11/10/2022,ORD,11/25/2022,0,32.54,15.98,50,234,7.77536,1016,14.99243949,1,0,0,0,0,0,0,0,0,0,0,0,0,0,0,0,1,0,0,0,0,0,0,0,0,0,1,0,0,0.152858462,0.079659186,0.160601353,0.12191126
11/10/2022,DFW,11/10/2022,0.000236091,69.98,64.04,81,154,5.83152,1009.1,11.10887074,0,0,0,0,0,0,0,0,0,0,0,0,0,0,0,0,1,0,0,0,0,0,1,0,0,0,0,0,0,0.172553834,0.145766978,0.159177335,0.159114613
11/10/2022,DFW,11/11/2022,0.326313601,49.28,45.14,86,186,12.246192,1014.6,9.336720646,1,0,0,0,0,0,0,0,0,0,0,0,0,0,0,0,1,0,0,0,0,0,1,0,0,0,0,0,0,0.298737898,0.842684439,0.227984642,0.510521602
11/10/2022,DFW,11/12/2022,0,40.46,30.38,68,258,6.997824,1025.2,15.38949556,0,0,1,0,0,0,0,0,0,0,0,0,0,0,0,0,1,0,0,0,0,0,1,0,0,0,0,0,0,0.108233252,0.045084858,0.119831228,0.077978251
11/10/2022,DFW,11/13/2022,0,48.02,24.98,41,123,7.386592,1023.1,14.99181812,0,0,0,1,0,0,0,0,0,0,0,0,0,0,0,0,1,0,0,0,0,0,1,0,0,0,0,0,0,0.120114162,0.060189407,0.129987329,0.091146291
11/10/2022,DFW,11/14/2022,0.868602831,44.6,33.98,69,86,9.7192,1019.8,12.15153128,0,1,0,0,0,0,0,0,0,0,0,0,0,0,0,0,1,0,0,0,0,0,1,0,0,0,0,0,0,0.248187071,1.854090049,0.171749182,0.861671574
11/10/2022,DFW,11/15/2022,0,41.36,36.86,84,23,8.358512,1026,14.99243949,0,0,0,0,0,1,0,0,0,0,0,0,0,0,0,0,1,0,0,0,0,0,1,0,0,0,0,0,0,0.142033381,0.067799891,0.131281951,0.108404098
11/10/2022,DFW,11/16/2022,0.002460631,46.22,37.94,73,29,6.997824,1026.9,14.99243949,0,0,0,0,0,0,1,0,0,0,0,0,0,0,0,0,1,0,0,0,0,0,1,0,0,0,0,0,0,0.143999166,0.063950489,0.126381456,0.106886087
11/10/2022,DFW,11/17/2022,0.460138044,41,37.22,87,176,9.136048,1021.4,6.655504781,0,0,0,0,0,0,0,0,0,0,0,0,0,0,0,0,1,0,0,0,0,0,1,0,0,0,0,0,0,0.264133859,1.120435549,0.237479055,0.598154648
11/10/2022,DFW,11/18/2022,0.004921263,41.72,33.44,73,162,6.80344,1021,14.99243949,1,0,0,0,0,0,0,0,0,0,0,0,0,0,0,0,1,0,0,0,0,0,1,0,0,0,0,0,0,0.187219684,0.104356679,0.141410816,0.149219479
11/10/2022,DFW,11/19/2022,0,44.06,34.7,70,110,5.442752,1023.8,14.99243949,0,0,1,0,0,0,0,0,0,0,0,0,0,0,0,0,1,0,0,0,0,0,1,0,0,0,0,0,0,0.108594657,0.0505936,0.12084046,0.080253681
11/10/2022,DFW,11/20/2022,0,41.9,33.44,73,286,6.025904,1029.6,14.99243949,0,0,0,1,0,0,0,0,0,0,0,0,0,0,0,0,1,0,0,0,0,0,1,0,0,0,0,0,0,0.122140463,0.074939005,0.123502401,0.097800473
11/10/2022,DFW,11/21/2022,0,48.38,35.24,61,141,4.082064,1027,14.99243949,0,1,0,0,0,0,0,0,0,0,0,0,0,0,0,0,1,0,0,0,0,0,1,0,0,0,0,0,0,0.130298246,0.076812311,0.126806359,0.103139555
11/10/2022,DFW,11/22/2022,0.113189037,49.82,41.9,75,136,5.442752,1025,14.99243949,0,0,0,0,0,1,0,0,0,0,0,0,0,0,0,0,1,0,0,0,0,0,1,0,0,0,0,0,0,0.219776023,0.285406509,0.135675468,0.236875893
11/10/2022,DFW,11/23/2022,0.071358306,51.26,47.84,89,108,4.276448,1020.5,14.99243949,0,0,0,0,0,0,1,0,0,0,0,0,0,0,0,0,1,0,0,0,0,0,1,0,0,0,0,0,0,0.228232474,0.206692368,0.154427434,0.214529236
11/10/2022,DFW,11/24/2022,0.285433225,53.6,49.46,86,52,2.526992,1017.5,12.14407482,0,0,0,0,0,0,0,0,0,0,0,0,0,0,0,0,1,0,0,0,0,0,1,0,0,0,0,0,0,0.24254731,0.687895443,0.170440066,0.409328314
11/10/2022,DFW,11/25/2022,0.002460631,54.68,47.3,77,138,6.80344,1016.3,14.99243949,1,0,0,0,0,0,0,0,0,0,0,0,0,0,0,0,1,0,0,0,0,0,1,0,0,0,0,0,0,0.193928241,0.106463354,0.158029826,0.156452479
11/10/2022,DEN,11/10/2022,0.001377497,36.86,12.02,43,184,8.941664,1016.6,7.960383881,0,0,0,0,0,0,0,0,0,0,0,0,0,0,0,0,1,0,0,0,0,1,0,0,0,0,0,0,0,0.209167203,0.168521329,0.195155665,0.194003798
11/10/2022,DEN,11/11/2022,0.000472182,25.88,12.38,60,115,4.082064,1024,11.33877801,1,0,0,0,0,0,0,0,0,0,0,0,0,0,0,0,1,0,0,0,0,1,0,0,0,0,0,0,0,0.186572954,0.135778961,0.18593593,0.167095527
11/10/2022,DEN,11/12/2022,0,30.56,5,41,183,6.220288,1020.4,10.10100698,0,0,1,0,0,0,0,0,0,0,0,0,0,0,0,0,1,0,0,0,0,1,0,0,0,0,0,0,0,0.150627724,0.104388425,0.180736438,0.133455876
11/10/2022,DEN,11/13/2022,0,35.42,4.28,28,161,4.665216,1012.5,14.99243949,0,0,0,1,0,0,0,0,0,0,0,0,0,0,0,0,1,0,0,0,0,1,0,0,0,0,0,0,0,0.140202106,0.048238677,0.149814642,0.101122934
11/10/2022,DEN,11/14/2022,0,31.28,11.84,47,133,5.053984,1021,14.99243949,0,1,0,0,0,0,0,0,0,0,0,0,0,0,0,0,1,0,0,0,0,1,0,0,0,0,0,0,0,0.172973456,0.069787682,0.185602902,0.134191329
11/10/2022,DEN,11/15/2022,0.169783556,26.96,14.54,61,224,5.053984,1025.5,12.19999821,0,0,0,0,0,1,0,0,0,0,0,0,0,0,0,0,1,0,0,0,0,1,0,0,0,0,0,0,0,0.26413815,0.426847403,0.17726732,0.322967789
11/10/2022,DEN,11/16/2022,0.115649669,20.84,16.88,87,128,4.665216,1035.3,9.505112187,0,0,0,0,0,0,1,0,0,0,0,0,0,0,0,0,1,0,0,0,0,1,0,0,0,0,0,0,0,0.274210539,0.367504728,0.194413337,0.308920308
11/10/2022,DEN,11/17/2022,0.004921263,24.08,17.06,77,163,5.83152,1022.9,13.14386076,0,0,0,0,0,0,0,0,0,0,0,0,0,0,0,0,1,0,0,0,0,1,0,0,0,0,0,0,0,0.213881391,0.112624547,0.175796337,0.173561749
11/10/2022,DEN,11/18/2022,0.17716545,10.76,7.16,92,147,7.386592,1030.1,3.190740085,1,0,0,0,0,0,0,0,0,0,0,0,0,0,0,0,1,0,0,0,0,1,0,0,0,0,0,0,0,0.34589318,0.620779417,0.256219003,0.456159374
11/10/2022,DEN,11/19/2022,0,15.98,7.7,74,183,6.80344,1027.8,14.99243949,0,0,1,0,0,0,0,0,0,0,0,0,0,0,0,0,1,0,0,0,0,1,0,0,0,0,0,0,0,0.155842268,0.050695056,0.178828116,0.117141182
11/10/2022,DEN,11/20/2022,0,20.66,12.38,73,202,7.580976,1024.9,14.99243949,0,0,0,1,0,0,0,0,0,0,0,0,0,0,0,0,1,0,0,0,0,1,0,0,0,0,0,0,0,0.183514491,0.075889419,0.184495755,0.143518019
11/10/2022,DEN,11/21/2022,0,28.58,17.78,66,213,3.693296,1024.3,14.99243949,0,1,0,0,0,0,0,0,0,0,0,0,0,0,0,0,1,0,0,0,0,1,0,0,0,0,0,0,0,0.159830531,0.07794388,0.164639716,0.127070697
11/10/2022,DEN,11/22/2022,0,31.64,18.5,58,227,4.8596,1021.8,14.99243949,0,0,0,0,0,1,0,0,0,0,0,0,0,0,0,0,1,0,0,0,0,1,0,0,0,0,0,0,0,0.165442166,0.04975548,0.160829854,0.118878422
11/10/2022,DEN,11/23/2022,0,35.24,18.68,51,215,5.053984,1016,14.99243949,0,0,0,0,0,0,1,0,0,0,0,0,0,0,0,0,1,0,0,0,0,1,0,0,0,0,0,0,0,0.132473473,0.045103316,0.138128778,0.094648909
11/10/2022,DEN,11/24/2022,0,30.56,15.44,55,110,8.74728,1017.5,14.99243949,0,0,0,0,0,0,0,0,0,0,0,0,0,0,0,0,1,0,0,0,0,1,0,0,0,0,0,0,0,0.157517197,0.071242827,0.178826049,0.125552778
11/10/2022,DEN,11/25/2022,0,31.82,15.8,52,133,7.969744,1020.3,14.99243949,1,0,0,0,0,0,0,0,0,0,0,0,0,0,0,0,1,0,0,0,0,1,0,0,0,0,0,0,0,0.172209916,0.087042656,0.17703965,0.139502316
11/10/2022,JFK,11/10/2022,0,57.38,50.54,78,173,4.470832,1023.9,10.81061266,0,0,0,0,0,0,0,0,0,0,0,0,0,0,0,0,1,0,0,0,0,0,0,1,0,0,0,0,0,0.107361595,0.131204883,0.107092683,0.107353187
11/10/2022,JFK,11/11/2022,0.020540804,62.06,58.1,87,147,9.524816,1015.3,8.713485533,1,0,0,0,0,0,0,0,0,0,0,0,0,0,0,0,1,0,0,0,0,0,0,1,0,0,0,0,0,0.252244227,0.235814257,0.226018841,0.249044833
11/10/2022,JFK,11/12/2022,0.071570669,64.4,58.64,82,239,11.857424,1002.3,10.45891667,0,0,1,0,0,0,0,0,0,0,0,0,0,0,0,0,1,0,0,0,0,0,0,1,0,0,0,0,0,0.269793243,0.273327641,0.218177502,0.273147236
11/10/2022,JFK,11/13/2022,0.024606312,49.64,32.54,53,301,11.274272,1012.5,14.96137094,0,0,0,1,0,0,0,0,0,0,0,0,0,0,0,0,1,0,0,0,0,0,0,1,0,0,0,0,0,0.209219852,0.114650809,0.184051875,0.171595484
11/10/2022,JFK,11/14/2022,0,42.44,20.48,42,312,9.7192,1025.4,14.99243949,0,1,0,0,0,0,0,0,0,0,0,0,0,0,0,0,1,0,0,0,0,0,0,1,0,0,0,0,0,0.151070264,0.063097495,0.131520738,0.11009387
11/10/2022,JFK,11/15/2022,0,41.72,23,47,293,4.665216,1031.2,14.99243949,0,0,0,0,0,1,0,0,0,0,0,0,0,0,0,0,1,0,0,0,0,0,0,1,0,0,0,0,0,0.111458359,0.030501993,0.122150998,0.072826602
11/10/2022,JFK,11/16/2022,0.004921263,44.24,23.18,44,29,3.88768,1028.9,14.99243949,0,0,0,0,0,0,1,0,0,0,0,0,0,0,0,0,1,0,0,0,0,0,0,1,0,0,0,0,0,0.129156826,0.035676789,0.133617666,0.086549633
11/10/2022,JFK,11/17/2022,0,46.58,25.7,44,96,3.304528,1021.3,14.99243949,0,0,0,0,0,0,0,0,0,0,0,0,0,0,0,0,1,0,0,0,0,0,0,1,0,0,0,0,0,0.116388699,0.045113239,0.132513051,0.0824338
11/10/2022,JFK,11/18/2022,1.286910144,50.54,41.9,74,99,10.107968,1011.3,10.06745294,1,0,0,0,0,0,0,0,0,0,0,0,0,0,0,0,1,0,0,0,0,0,0,1,0,0,0,0,0,0.305348646,2.718923945,0.199623719,1.230320441
11/10/2022,JFK,11/19/2022,0.002460631,47.66,33.08,58,300,9.7192,1017.2,14.99243949,0,0,1,0,0,0,0,0,0,0,0,0,0,0,0,0,1,0,0,0,0,0,0,1,0,0,0,0,0,0.130185499,0.047434121,0.136393955,0.093347907
11/10/2022,JFK,11/20/2022,0.002460631,46.22,33.44,61,250,4.276448,1022.7,14.99243949,0,0,0,1,0,0,0,0,0,0,0,0,0,0,0,0,1,0,0,0,0,0,0,1,0,0,0,0,0,0.130416398,0.061992427,0.119342287,0.095741931
11/10/2022,JFK,11/21/2022,0.004921263,42.08,22.46,47,273,8.358512,1024.8,14.99243949,0,1,0,0,0,0,0,0,0,0,0,0,0,0,0,0,1,0,0,0,0,0,0,1,0,0,0,0,0,0.15657715,0.073438187,0.13631324,0.117901708
11/10/2022,JFK,11/22/2022,0,46.58,26.42,47,258,13.023728,1022.3,14.99243949,0,0,0,0,0,1,0,0,0,0,0,0,0,0,0,0,1,0,0,0,0,0,0,1,0,0,0,0,0,0.131184325,0.046225297,0.141977395,0.094310545
11/10/2022,JFK,11/23/2022,0,44.96,21.02,39,265,8.552896,1019.5,14.99243949,0,0,0,0,0,0,1,0,0,0,0,0,0,0,0,0,1,0,0,0,0,0,0,1,0,0,0,0,0,0.126904545,0.030971673,0.132617222,0.083802141
11/10/2022,JFK,11/24/2022,0,33.62,6.08,35,167,13.801264,1023.3,14.99243949,0,0,0,0,0,0,0,0,0,0,0,0,0,0,0,0,1,0,0,0,0,0,0,1,0,0,0,0,0,0.178364835,0.05188613,0.181144385,0.129040045
11/10/2022,JFK,11/25/2022,0.110728406,37.94,26.06,66,93,6.997824,1026.3,10.53596668,1,0,0,0,0,0,0,0,0,0,0,0,0,0,0,0,1,0,0,0,0,0,0,1,0,0,0,0,0,0.27712537,0.363074518,0.1581974,0.30164306
11/10/2022,SFO,11/10/2022,0,51.8,42.44,71,183,3.88768,1023,14.94272981,0,0,0,0,0,0,0,0,0,0,0,0,0,0,0,0,1,0,0,0,0,0,0,0,0,0,0,0,1,0.119201563,0.090186579,0.136043205,0.103138078
11/10/2022,SFO,11/11/2022,0,49.28,41.54,75,288,4.276448,1020.2,12.30998088,1,0,0,0,0,0,0,0,0,0,0,0,0,0,0,0,1,0,0,0,0,0,0,0,0,0,0,0,1,0.163469395,0.148270972,0.151304991,0.152957287
11/10/2022,SFO,11/12/2022,0.008695712,51.08,44.42,79,289,6.025904,1019.7,13.22277488,0,0,1,0,0,0,0,0,0,0,0,0,0,0,0,0,1,0,0,0,0,0,0,0,0,0,0,0,1,0.185678277,0.117482,0.170140489,0.157459545
11/10/2022,SFO,11/13/2022,0,51.26,40.46,68,167,5.248368,1019.7,14.99243949,0,0,0,1,0,0,0,0,0,0,0,0,0,0,0,0,1,0,0,0,0,0,0,0,0,0,0,0,1,0.123885943,0.089769641,0.137029089,0.105929225
11/10/2022,SFO,11/14/2022,0.002460631,51.44,42.62,73,254,6.997824,1018.3,14.99243949,0,1,0,0,0,0,0,0,0,0,0,0,0,0,0,0,1,0,0,0,0,0,0,0,0,0,0,0,1,0.209628694,0.110422586,0.182653205,0.170410174
11/10/2022,SFO,11/15/2022,0,51.8,33.8,51,28,8.74728,1021.8,14.99243949,0,0,0,0,0,1,0,0,0,0,0,0,0,0,0,0,1,0,0,0,0,0,0,0,0,0,0,0,1,0.139916846,0.068660214,0.141136267,0.107727302
11/10/2022,SFO,11/16/2022,0,52.7,30.92,45,119,9.913584,1026.8,14.99243949,0,0,0,0,0,0,1,0,0,0,0,0,0,0,0,0,1,0,0,0,0,0,0,0,0,0,0,0,1,0.113785293,0.0649604,0.134987542,0.090375257
11/10/2022,SFO,11/17/2022,0,51.8,34.88,54,179,5.248368,1024.4,14.99243949,0,0,0,0,0,0,0,0,0,0,0,0,0,0,0,0,1,0,0,0,0,0,0,0,0,0,0,0,1,0.109910074,0.08157329,0.130613161,0.093364809
11/10/2022,SFO,11/18/2022,0,50.72,37.22,61,137,6.80344,1017.4,14.99243949,1,0,0,0,0,0,0,0,0,0,0,0,0,0,0,0,1,0,0,0,0,0,0,0,0,0,0,0,1,0.177826013,0.106493757,0.153669975,0.145757145
11/10/2022,SFO,11/19/2022,0,50.9,28.58,42,53,4.665216,1019.4,14.99243949,0,0,1,0,0,0,0,0,0,0,0,0,0,0,0,0,1,0,0,0,0,0,0,0,0,0,0,0,1,0.123005523,0.050453217,0.140180906,0.090084311
11/10/2022,SFO,11/20/2022,0,49.64,31.46,49,63,4.8596,1020.2,14.99243949,0,0,0,1,0,0,0,0,0,0,0,0,0,0,0,0,1,0,0,0,0,0,0,0,0,0,0,0,1,0.138464056,0.077434146,0.142302076,0.109738038
11/10/2022,SFO,11/21/2022,0,52.52,35.42,53,32,4.470832,1018.3,14.99243949,0,1,0,0,0,0,0,0,0,0,0,0,0,0,0,0,1,0,0,0,0,0,0,0,0,0,0,0,1,0.126637466,0.089760683,0.153038957,0.109341994
11/10/2022,SFO,11/22/2022,0,53.24,37.58,57,199,4.470832,1020.8,14.99243949,0,0,0,0,0,1,0,0,0,0,0,0,0,0,0,0,1,0,0,0,0,0,0,0,0,0,0,0,1,0.109388534,0.065317786,0.132284658,0.087129189
11/10/2022,SFO,11/23/2022,0,54.14,39.56,59,194,5.248368,1021,14.99243949,0,0,0,0,0,0,1,0,0,0,0,0,0,0,0,0,1,0,0,0,0,0,0,0,0,0,0,0,1,0.113517687,0.066263985,0.127538122,0.089407686
11/10/2022,SFO,11/24/2022,0,51.44,44.24,78,170,2.91576,1017,14.99243949,0,0,0,0,0,0,0,0,0,0,0,0,0,0,0,0,1,0,0,0,0,0,0,0,0,0,0,0,1,0.150304092,0.091520013,0.147443427,0.123326329
11/10/2022,SFO,11/25/2022,0,51.8,42.44,72,168,4.665216,1017.8,14.99243949,1,0,0,0,0,0,0,0,0,0,0,0,0,0,0,0,1,0,0,0,0,0,0,0,0,0,0,0,1,0.160904145,0.109559769,0.150911143,0.136804777
11/10/2022,LAS,11/10/2022,0,52.7,16.16,23,154,5.637136,1019.8,0.452979459,0,0,0,0,0,0,0,0,0,0,0,0,0,0,0,0,1,0,0,0,0,0,0,0,1,0,0,0,0,0.203697362,0.290530754,0.19496111,0.236689726
11/10/2022,LAS,11/11/2022,0,46.94,9.32,23,208,5.637136,1021.4,0.459193169,1,0,0,0,0,0,0,0,0,0,0,0,0,0,0,0,1,0,0,0,0,0,0,0,1,0,0,0,0,0.212390763,0.306158304,0.199772039,0.24826198
11/10/2022,LAS,11/12/2022,0,49.28,12.2,23,204,3.498912,1016.9,4.712477664,0,0,1,0,0,0,0,0,0,0,0,0,0,0,0,0,1,0,0,0,0,0,0,0,1,0,0,0,0,0.20706538,0.201818649,0.195777696,0.20499599
11/10/2022,LAS,11/13/2022,0,49.82,20.48,32,311,9.524816,1012.5,14.99243949,0,0,0,1,0,0,0,0,0,0,0,0,0,0,0,0,1,0,0,0,0,0,0,0,1,0,0,0,0,0.228478531,0.094543386,0.18277023,0.176296808
11/10/2022,LAS,11/14/2022,0,50.18,19.94,31,187,2.332608,1013.9,14.99243949,0,1,0,0,0,0,0,0,0,0,0,0,0,0,0,0,1,0,0,0,0,0,0,0,1,0,0,0,0,0.167616697,0.091249431,0.172163917,0.13740245
11/10/2022,LAS,11/15/2022,0.002460631,46.94,23,39,286,5.83152,1016.2,14.99243949,0,0,0,0,0,1,0,0,0,0,0,0,0,0,0,0,1,0,0,0,0,0,0,0,1,0,0,0,0,0.175582903,0.079808,0.199609646,0.142353403
11/10/2022,LAS,11/16/2022,0,46.04,15.26,29,265,16.52264,1025.6,14.99243949,0,0,0,0,0,0,1,0,0,0,0,0,0,0,0,0,1,0,0,0,0,0,0,0,1,0,0,0,0,0.181756787,0.084085645,0.169273743,0.144390889
11/10/2022,LAS,11/17/2022,0,44.6,12.56,28,130,2.526992,1022.3,14.99243949,0,0,0,0,0,0,0,0,0,0,0,0,0,0,0,0,1,0,0,0,0,0,0,0,1,0,0,0,0,0.157202212,0.077725713,0.161152317,0.124467331
11/10/2022,LAS,11/18/2022,0,43.34,10.58,26,260,9.913584,1016.4,14.99243949,1,0,0,0,0,0,0,0,0,0,0,0,0,0,0,0,1,0,0,0,0,0,0,0,1,0,0,0,0,0.217484752,0.107164878,0.179799381,0.174099769
11/10/2022,LAS,11/19/2022,0,39.02,9.68,30,77,5.053984,1024,14.99243949,0,0,1,0,0,0,0,0,0,0,0,0,0,0,0,0,1,0,0,0,0,0,0,0,1,0,0,0,0,0.138307487,0.05935169,0.156276661,0.106385094
11/10/2022,LAS,11/20/2022,0,39.92,8.24,27,144,2.91576,1023.1,14.99243949,0,0,0,1,0,0,0,0,0,0,0,0,0,0,0,0,1,0,0,0,0,0,0,0,1,0,0,0,0,0.149897999,0.076325196,0.157192672,0.119159599
11/10/2022,LAS,11/21/2022,0,47.3,10.22,22,189,2.91576,1018.8,14.99243949,0,1,0,0,0,0,0,0,0,0,0,0,0,0,0,0,1,0,0,0,0,0,0,0,1,0,0,0,0,0.154708638,0.08466274,0.164420219,0.126102914
11/10/2022,LAS,11/22/2022,0,49.64,12.02,22,170,3.110144,1019.3,14.99243949,0,0,0,0,0,1,0,0,0,0,0,0,0,0,0,0,1,0,0,0,0,0,0,0,1,0,0,0,0,0.149673048,0.058681302,0.162592251,0.1130063
11/10/2022,LAS,11/23/2022,0,49.28,21.02,33,136,2.721376,1020,14.99243949,0,0,0,0,0,0,1,0,0,0,0,0,0,0,0,0,1,0,0,0,0,0,0,0,1,0,0,0,0,0.147054687,0.064184425,0.152143178,0.112424938
11/10/2022,LAS,11/24/2022,0,50,19.58,30,175,1.166304,1013.5,14.99243949,0,0,0,0,0,0,0,0,0,0,0,0,0,0,0,0,1,0,0,0,0,0,0,0,1,0,0,0,0,0.165494267,0.078906267,0.171417735,0.131076017
11/10/2022,LAS,11/25/2022,0,49.64,20.66,32,145,3.498912,1016.3,14.99243949,1,0,0,0,0,0,0,0,0,0,0,0,0,0,0,0,1,0,0,0,0,0,0,0,1,0,0,0,0,0.173907672,0.102519264,0.169394912,0.14495692
11/10/2022,SEA,11/10/2022,0,41,33.44,74,75,2.526992,1026.4,13.92554548,0,0,0,0,0,0,0,0,0,0,0,0,0,0,0,0,1,0,0,0,0,0,0,0,0,0,0,1,0,0.108286824,0.035956166,0.127271776,0.075253503
11/10/2022,SEA,11/11/2022,0,41.18,29.66,64,88,4.276448,1019.9,18.12787755,1,0,0,0,0,0,0,0,0,0,0,0,0,0,0,0,1,0,0,0,0,0,0,0,0,0,0,1,0,0.137819654,-0.008680864,0.139486436,0.077177777
11/10/2022,SEA,11/12/2022,0,41.54,36.32,82,109,2.721376,1021.9,12.77787324,0,0,1,0,0,0,0,0,0,0,0,0,0,0,0,0,1,0,0,0,0,0,0,0,0,0,0,1,0,0.105562044,0.034783023,0.122223247,0.072814976
11/10/2022,SEA,11/13/2022,0.034448837,41,32.9,73,106,1.749456,1024.7,14.79732899,0,0,0,1,0,0,0,0,0,0,0,0,0,0,0,0,1,0,0,0,0,0,0,0,0,0,0,1,0,0.168218122,0.089857146,0.143907944,0.132920815
11/10/2022,SEA,11/14/2022,0,41.72,34.34,76,70,2.526992,1026.9,14.99243949,0,1,0,0,0,0,0,0,0,0,0,0,0,0,0,0,1,0,0,0,0,0,0,0,0,0,0,1,0,0.118963052,0.03164446,0.130381455,0.080439731
11/10/2022,SEA,11/15/2022,0,39.74,31.82,74,59,1.749456,1032.3,14.99243949,0,0,0,0,0,1,0,0,0,0,0,0,0,0,0,0,1,0,0,0,0,0,0,0,0,0,0,1,0,0.114572577,0.001479479,0.12975499,0.066080312
11/10/2022,SEA,11/16/2022,0,41.9,28.76,61,136,1.555072,1032,14.99243949,0,0,0,0,0,0,1,0,0,0,0,0,0,0,0,0,1,0,0,0,0,0,0,0,0,0,0,1,0,0.105747255,-0.007678023,0.123365515,0.056180918
11/10/2022,SEA,11/17/2022,0,40.64,31.46,70,89,3.88768,1028.5,14.99243949,0,0,0,0,0,0,0,0,0,0,0,0,0,0,0,0,1,0,0,0,0,0,0,0,0,0,0,1,0,0.11189069,0.02053598,0.128037471,0.071704252
11/10/2022,SEA,11/18/2022,0,37.76,23.54,57,69,3.110144,1029,14.99243949,1,0,0,0,0,0,0,0,0,0,0,0,0,0,0,0,1,0,0,0,0,0,0,0,0,0,0,1,0,0.130719701,0.028853875,0.143472306,0.08736522
11/10/2022,SEA,11/19/2022,0,36.68,16.7,45,89,2.332608,1023.3,14.99243949,0,0,1,0,0,0,0,0,0,0,0,0,0,0,0,0,1,0,0,0,0,0,0,0,0,0,0,1,0,0.12581378,-0.02111505,0.13822385,0.064413901
11/10/2022,SEA,11/20/2022,0,34.52,15.62,46,116,1.166304,1023.9,14.99243949,0,0,0,1,0,0,0,0,0,0,0,0,0,0,0,0,1,0,0,0,0,0,0,0,0,0,0,1,0,0.158915767,-0.0005899,0.155117109,0.093539188
11/10/2022,SEA,11/21/2022,0,36.68,21.02,54,22,1.360688,1022.5,14.99243949,0,1,0,0,0,0,0,0,0,0,0,0,0,0,0,0,1,0,0,0,0,0,0,0,0,0,0,1,0,0.141910431,0.015026532,0.144283509,0.08848329
11/10/2022,SEA,11/22/2022,0,36.68,21.2,54,185,0.97192,1025,14.99243949,0,0,0,0,0,1,0,0,0,0,0,0,0,0,0,0,1,0,0,0,0,0,0,0,0,0,0,1,0,0.122503719,-0.012575386,0.128130209,0.064306556
11/10/2022,SEA,11/23/2022,0,36.14,24.44,62,157,1.555072,1024.5,14.99243949,0,0,0,0,0,0,1,0,0,0,0,0,0,0,0,0,1,0,0,0,0,0,0,0,0,0,0,1,0,0.117827059,-0.008880759,0.126830876,0.063215314
11/10/2022,SEA,11/24/2022,0,37.04,26.42,65,80,2.332608,1023.3,14.99243949,0,0,0,0,0,0,0,0,0,0,0,0,0,0,0,0,1,0,0,0,0,0,0,0,0,0,0,1,0,0.121830033,0.013769805,0.138039786,0.075920948
11/10/2022,SEA,11/25/2022,0.162401663,39.2,36.14,89,81,1.749456,1015.8,14.99243949,1,0,0,0,0,0,0,0,0,0,0,0,0,0,0,0,1,0,0,0,0,0,0,0,0,0,0,1,0,0.253065445,0.367489491,0.175329493,0.293522868
11/10/2022,CLT,11/10/2022,0.13222619,60.44,56.66,88,46,10.302352,1016.6,9.331128307,0,0,0,0,0,0,0,0,0,0,0,0,0,0,0,0,1,0,0,0,1,0,0,0,0,0,0,0,0,0.216555031,0.412871893,0.203213478,0.2947922
11/10/2022,CLT,11/11/2022,0.760173639,67.1,64.94,93,143,11.079888,1005.4,6.73566164,1,0,0,0,0,0,0,0,0,0,0,0,0,0,0,0,1,0,0,0,1,0,0,0,0,0,0,0,0,0.307428527,1.721253803,0.267489722,0.85941405
11/10/2022,CLT,11/12/2022,0.000118045,61.16,55.58,82,247,6.220288,1009.5,11.15112397,0,0,1,0,0,0,0,0,0,0,0,0,0,0,0,0,1,0,0,0,1,0,0,0,0,0,0,0,0,0.11358632,0.092043315,0.14082099,0.102615728
11/10/2022,CLT,11/13/2022,0,46.04,28.76,52,156,7.192208,1019.5,14.99057538,0,0,0,1,0,0,0,0,0,0,0,0,0,0,0,0,1,0,0,0,1,0,0,0,0,0,0,0,0,0.118163926,0.037812231,0.126352634,0.08176883
11/10/2022,CLT,11/14/2022,0,41,25.16,55,55,4.082064,1027.7,14.99243949,0,1,0,0,0,0,0,0,0,0,0,0,0,0,0,0,1,0,0,0,1,0,0,0,0,0,0,0,0,0.112159738,0.042115421,0.130090349,0.0802058
11/10/2022,CLT,11/15/2022,0.13779535,39.2,28.94,67,40,5.637136,1029.7,14.86816529,0,0,0,0,0,1,0,0,0,0,0,0,0,0,0,0,1,0,0,0,1,0,0,0,0,0,0,0,0,0.207511062,0.29969941,0.14084459,0.236388832
11/10/2022,CLT,11/16/2022,0.167322925,41,39.56,94,26,5.442752,1026.9,12.4230704,0,0,0,0,0,0,1,0,0,0,0,0,0,0,0,0,1,0,0,0,1,0,0,0,0,0,0,0,0,0.198098981,0.406724383,0.140853966,0.272669321
11/10/2022,CLT,11/17/2022,0.725886219,47.12,45.14,93,112,2.332608,1020.3,10.84913766,0,0,0,0,0,0,0,0,0,0,0,0,0,0,0,0,1,0,0,0,1,0,0,0,0,0,0,0,0,0.202338458,1.553379085,0.149533415,0.716446078
11/10/2022,CLT,11/18/2022,0.969488712,52.88,49.1,88,189,8.941664,1011.1,7.540337085,1,0,0,0,0,0,0,0,0,0,0,0,0,0,0,0,1,0,0,0,1,0,0,0,0,0,0,0,0,0.290178025,2.113277319,0.251425511,0.997467312
11/10/2022,CLT,11/19/2022,0,45.14,35.6,70,133,2.721376,1022.1,14.99243949,0,0,1,0,0,0,0,0,0,0,0,0,0,0,0,0,1,0,0,0,1,0,0,0,0,0,0,0,0,0.100094601,0.017966991,0.11357788,0.061949277
11/10/2022,CLT,11/20/2022,0,48.2,39.02,71,191,1.749456,1021.6,14.99243949,0,0,0,1,0,0,0,0,0,0,0,0,0,0,0,0,1,0,0,0,1,0,0,0,0,0,0,0,0,0.111092423,0.040533015,0.112451816,0.076521749
11/10/2022,CLT,11/21/2022,0,47.12,30.92,56,79,4.276448,1027,14.99243949,0,1,0,0,0,0,0,0,0,0,0,0,0,0,0,0,1,0,0,0,1,0,0,0,0,0,0,0,0,0.116954338,0.045068203,0.125079868,0.08344112
11/10/2022,CLT,11/22/2022,0,49.46,35.78,61,145,1.749456,1026.5,14.99243949,0,0,0,0,0,1,0,0,0,0,0,0,0,0,0,0,1,0,0,0,1,0,0,0,0,0,0,0,0,0.105606848,0.017721208,0.11488502,0.064731277
11/10/2022,CLT,11/23/2022,0.002460631,51.44,39.74,65,215,1.94384,1020.8,14.99243949,0,0,0,0,0,0,1,0,0,0,0,0,0,0,0,0,1,0,0,0,1,0,0,0,0,0,0,0,0,0.118499502,0.024163486,0.116920252,0.075144671
11/10/2022,CLT,11/24/2022,0.007381894,46.76,37.4,70,53,6.609056,1020.5,14.97255562,0,0,0,0,0,0,0,0,0,0,0,0,0,0,0,0,1,0,0,0,1,0,0,0,0,0,0,0,0,0.141655748,0.062807768,0.139479487,0.107293062
11/10/2022,CLT,11/25/2022,0.757874425,37.22,35.78,95,35,7.580976,1020.8,7.691951609,1,0,0,0,0,0,0,0,0,0,0,0,0,0,0,0,1,0,0,0,1,0,0,0,0,0,0,0,0,0.240579108,1.686772825,0.22237278,0.80067313
